<?xml version="1.0" encoding="UTF-8"?>
<metadata modelVersion="1.1.0">
  <groupId>org.apache.qpid</groupId>
  <artifactId>proton-j</artifactId>
  <version>0.35.0-SNAPSHOT</version>
  <versioning>
    <snapshot>
      <localCopy>true</localCopy>
    </snapshot>
    <lastUpdated>20230620155219</lastUpdated>
    <snapshotVersions>
      <snapshotVersion>
        <extension>jar</extension>
        <value>0.35.0-SNAPSHOT</value>
        <updated>20230620155219</updated>
      </snapshotVersion>
      <snapshotVersion>
        <extension>pom</extension>
        <value>0.35.0-SNAPSHOT</value>
        <updated>20230620155219</updated>
      </snapshotVersion>
    </snapshotVersions>
  </versioning>
</metadata>
